Ausrüstung 1;Ausrüstung 2;Ausrüstung 3;Ausrüstung 4;Waffe;Rüstung;Waffe (mit Schriftrolle);Rüstung (mit Schriftrolle);Unreine Schriftrollen;Heilige Schriftrollen;Name;Schreckliche Eigenschaften;Kaputte Körper;Schlechte Angewohnheiten;Beunruhigende Geschichten
nichts;nichts;nichts;nichts;nichts;nichts;nichts;nichts;Andere Seite;Aegis des Kummers ;Aerg-Tval;Endlos verärgert;Starrer, manischer Blick.;Du sammelst zwanghaft kleine spitze Steine.;Du wirst verfolgt wegen Totschlags. Es ist ein Kopfgeld ausgesetzt.
Rucksack für 7 normal große Gegenstände;{PRÄ+4}x Fackel;nichts;ein paar schlechte Äpfel;Stab W4 Schaden;Karton-Rüstung (-W0 Schaden, Stufe 0);Stab W4 Schaden;nichts;Banane;Atem des Märtyrers;Kutz;Minderwertigkeitskomplexe;Bedeckt mit (für manche) blasphemischen Tätowierungen.;Du benutzt eine Klinge nicht, ohne sie am eigenen Fleisch zu testen. Deine Arme sind mit Narben übersät.;Du bist hoch verschuldet. Die Schulden werden an immer rücksichtslosere Gruppen weitergegeben
Sack für 10 normal große Gegenstände;Laterne mit Öl für {PRÄ+6}h;nichts;ein Haufen Totenköpfe;Kurzschwert W4 Schaden;Kettenhemd (-W4 Schaden, Stufe 2);Kurzschwert W4 Schaden;nichts;Befeuchten;Auge des Bußfertigen;Agn;Probleme mit Behörden;Verrottetes Gesicht. Trägt eine Maske.;Du kannst nicht mehr aufhören zu trinken.;Ein seltenes, begehrtes Objekt ist in deinem Besitz.
kleiner Wagen;Magnesiumband;nichts;zwei blutbefleckte Fackeln;Messer W4 Schaden;Glas-Rüstung (+W6 Schaden, Stufe -1);Messer W4 Schaden;nichts;Bräunen;Auge des Verfolgers;Kvetin;Lauter Mund;Hat drei Zehen verloren und hinkt.;Schlendernder Süchtiger. Du musst jeden Tag wetten. Wenn du verlierst, erhöhe und setzte erneut.;Du hast eine verfluchte, nie heilende Wunde.
Esel;zufällige unreine Schriftrolle;nichts;Kamm mit einem einzigen grauen Haar;Kriegshammer W6 Schaden;Antike Flak-Rüstung (-W6 Schaden, Stufe 1);Kriegshammer W6 Schaden;Karton-Rüstung (-W0 Schaden, Stufe 0);Buch;Blutregen;Arvant;Grausam;Ausgehungert: fahl und blass.;Du duldest keine Kritik jeglicher Art. Das führt zu Wut und Weinen.;Du hattest eine illegale, unmoralische und geheime Affäre mit einem Mitglied der königlichen Familie. Du hast Beweise.
nichts;spitze Nadel;nichts;Flöte (schmeckt scheußlich);Schwert W6 Schaden;Antiker Anzug aus massiven Eisenplatten (-W8 Schaden, Stufe 1);Schwert W6 Schaden;Nasse Leinwand-Tunika (+W1 Schaden, Stufe -1);Chill Touch;Brechung;Lygan;Egozentrisch;Eine Hand wurde durch einen rostigen Haken ersetzt (W6 Schaden).;Unfähig, auf den Punkt zu kommen. Du hast noch nie eine Geschichte beendet.;Du bist ein entflohenes Sektenmitglied. Verängstigt und paranoid. Andere Kultisten sind überall.
nichts;Hausapotheke {PRÄ+4}x (stoppt Blutungen/Infektionen und heilt W6 LP);nichts;kleine blutgefüllte Flasche;Bogen W6 Schaden, mit {PRÄ+10}x Pfeil;Anzug aus mächtigem Gris-Gris (-W6 Schaden, Stufe 1);Stab W4 Schaden;Rostige Kettenreste (-W1 Schaden, Stufe 0);Direkt;Dritte Hand;Belsum;Nihilistisch;Faule Zähne.;Der beste Freund ist ein Schädel. Du trägst ihn mit dir, erzählst ihm alles, vertraust niemandem.;Du bist ein Identitätsdieb, der diese Person kürzlich getötet und ersetzt hat.
nichts;Metallfeile und Dietriche;nichts;Lederarmband mit Stacheln;Flegel W8 Schaden;Ausgeschlachteter Kampfroboter (-W8 Schaden, Stufe 1);Kurzschwert W4 Schaden;Durchlöcherte Wachstuchjacke (-W1 Schaden, Stufe 0);Drehen;Enochische Syntax ;Margar;Anfällig für Drogenmissbrauch;Beeindruckend schön, beunruhigend sauber.;Du bohrst so tief in der Nase, dass sie blutet.;Du wurdest verbannt und verleugnet für nicht näher bezeichnete Taten. Du kannst niemals nach Hause gehen.
Zerrissene Jackentasche – 2 Gegenstände;Bärenfalle (Präsenz Sg14 zum Entdecken, W8 Schaden);nichts;zerbrochene Porzellanpuppe;Armbrust W8 Schaden, mit {PRÄ+10}x Bolzen;Blutgetränkte Häute (-W2 Schaden, Stufe 1);Messer W4 Schaden;Verrußtes Festgewand aus dünner Seide (+W2 Schaden, Stufe -1);Einschäumen;Falsche Dämmerung ;Belum;Innerer Konflikt;Die Hände sind mit Wunden übersät.;Du lachst hysterisch über eigene Witze, die du dann im Detail erklärtst.;Du desertiertest das Militär, nachdem du Zeuge eines Massakers wurdest, Kopfgeld ausgesetzt.
Schürze mit Taschen – 3 Gegenstände;Bombe (versiegelte Flasche, W10 Schaden);nichts;ein Stück verschimmeltes Brot;Zweihänder W10 Schaden;Bronze-Hopliten-Rüstung (-W4 Schaden, Stufe 1);Wurfmesser W4 Schaden;Zerfetztes Banner als Umhang (-W0 Schaden, Stufe 0);Fachwissen;Falsche Haut;Merkari;Gewitzt;Grauer Star (Katarakt) breitet sich langsam aber sicher in beiden Augen aus.;Ein Nihilist. Du bestehst darauf, allen zu sagen, dass du ein Nihilist bist und erklärst, warum.;Du hast vor kurzem einen nahen Verwandten ermordet.
Leinenbeutel – 3 Gegenstände;{W4}x rotes Gift (Zähigkeit Sg12 oder W10 Schaden);nichts;tote schwarze Katze;Flamberg W10 Schaden;Business-Anzug aus Leder (-W2 Schaden, Stufe 1);Blasrohr W2 Schaden;Blecherne Topfdeckel-Brustplatte (-W1 Schaden, Stufe 0);Flaum;Faulende Hand;Brint;Rachsüchtig;Langes verfilztes Haar, mindestens eine Kakerlake.;Eingefleischter Käferfresser.;Ein Puzzle-Würfel wurde falsch gelöst (oder doch nicht?) und hat eine schlummernde Abscheulichkeit geweckt.
Gürteltasche – 2 Gegenstände;Silbernes Kruzifix;nichts;Angelrute mit rostigem Haken;Khopesh W6 Schaden;Defekter und stark geflickter Raumanzug (-W8 Schaden, Stufe 1);Schleuder W4 Schaden;Enger Wollpullover mit Metallknöpfen (-W1 Schaden, Stufe 0);Fliege;Finger des Urteils;Nagl;Angsthase;Gebrochene, zerquetschte Ohren.;Ständige Schleimablagerung im Rachen. Du musst ständig husten, schnauben, spucken und schlucken.;Böse Kreaturen lieben den Geruch deiner Ausdünstungen und werden von ihnen angezogen.
Gewickeltes Tuch – 4 Gegenstände;zufällige heilige Schriftrolle;zufällige unreine Schriftrolle;Karminrote Kapuze und Maske;Gladius W6 Schaden;Dinosaurierschuppen-Harnisch (-W2 Schaden, Stufe 1);Angebundener Ziegelstein W4 Schaden;Vollgestopfter Strohumhang (brennt gut) (+W2 Schaden, Stufe -1);Fluffy;Fleischgeflüster;Börda;Faul;Ruckeln und Stottern aufgrund von Nervenschäden oder Stress.;Du verliertst immer wieder wichtige Gegenstände und vergisst wichtige Fakten.;Eine Kampfwunde hat einen Metallsplitter hinterlassen, der sich langsam deinem Herzen nähert.
Alter Kopfkissenbezug – 4 Gegenstände;zufällige heilige Schriftrolle;zufällige unreine Schriftrolle;lange Schlinge;Falchion W6 Schaden;Fein geschmiedete Glieder aus Stahl (-W4 Schaden, Stufe 1);Eisenstange W4 Schaden;Lederweste mit dekorativen, aber hohlen Nieten (-W1 Schaden, Stufe 0);Gerochen, ausgeteilt;Gebet ohne Worte;Niduk;Verdächtig;Beleibt, gefräßig, sabbernd.;Unsicherer Stänkerer. Du redest über den, der gerade den Raum verlassen hat.;Du wurdest durch Gewalt in die Wildnis gezwungen. Winkende Bäume flüstern. Sprich mit Bäumen, schrei sie an, greif sie an.
Lederbeutel – 5 Gegenstände;zufällige heilige Schriftrolle;zufällige unreine Schriftrolle;kleine Holztruhe (leer);Entermesser W6 Schaden;Gebänderte Rüstung in einer bestickten Lederbrigandine (-W6 Schaden, Stufe 1);Kandare W4 Schaden;Schuppen aus getrocknetem Brot (+W2 Schaden, Stufe -1);Gezellig;Geflüster durch das Tor ;Daeru;Rücksichtslos;Einer Hand fehlen Daumen und Zeigefinger, du greifst wie ein Hummer.;Du stotterst beim Lügen.;Verflucht, die Albträume anderer zu teilen, du schläfst weit, weit weg.
Umhängetasche – 6 Gegenstände;zufällige unreine Schriftrolle;zufällige heilige Schriftrolle;{W8} bunte Glasmurmeln;Rapier W6 Schaden;Gekochtes Dinosaurierleder (-W4 Schaden, Stufe 1);Abgebrochener Kelch W4 Schaden;Dünne Glas-Überrobe mit Rissen (+W2 Schaden, Stufe -1);Glänzen;Gnade des Sünders ;Nifehl;Besorgt;Rote, geschwollene Nase des Alkoholikers.;Du kicherst zu den denkbar ungünstigsten Zeitpunkten wahnsinnig.;Du bist ständig im Krieg mit allen Rabenvögeln. Kein Kontakt ohne etwas Gewalt.
Rucksack – 7 Gegenstände;zufällige unreine Schriftrolle;zufällige heilige Schriftrolle;Schneeschuh (Heimat einer Spinne);Krummsäbel W6 Schaden;Gelenkige Rüstung aus Messinguhrwerken (-W8 Schaden, Stufe 1);Lauch W2 Schaden;Kettenhemd aus Draht und Büroklammern (-W1 Schaden, Stufe 0);Glühwürmchen;Gnade des toten Heiligen ;Eldar;Verbittert;Ruhiges, verrücktes Gesicht.;Pfeife, während du versuchst, dich zu verstecken. Leugne es.;Du trägst eine Schleuder.
Seesack – 8 Gegenstände;zufällige unreine Schriftrolle;zufällige heilige Schriftrolle;Ölgemälde eines vermummten Skeletts;Machete W6 Schaden;Geschnitzte Holzrüstungen (-W4 Schaden, Stufe 1);Toter Fisch W2 Schaden;Rüstung aus geschnürten Tierblasen (+W1 Schaden, Stufe -1);Grausamkeit;Greifende Schatten;Prügl;Betrügerisch;Chronischer Fußpilz. Stinkt.;Du zupfst an deinem entzündeten Zahnfleisch, besonders beim Sprechen.;Du verstehtst den Gesang der Insekten und Würmer.
Sack – 10 Gegenstände;zufällige heilige Schriftrolle;Das Tagebuch eines Gefangenen. Enthält eine ziemlich detaillierte Skizze der Umgebung.;Fächer in Form einer Bärenklaue;Kurzschwert W6 Schaden;Gewänder aus Büffelhaut (-W2 Schaden, Stufe 1);Käsereibe W2 Schaden;Messingdraht-Korsett (-W1 Schaden, Stufe 0);Großer Vogel;Hauch der Dämmerung;Felban;Wachsam;Dein kürzlich aufgeschlitztes und stinkendes Auge ist mit einer Augenklappe abgedeckt.;Du kannst nicht anders, als auf fast jede Frage mit einer weiteren Frage zu antworten.;Du wirst von einem Golem verfolgt und beobachtet.
Fass (tragbar, schwer) – 10 Gegenstände;zufällige heilige Schriftrolle;Ein altes Buch über die Pflege und Wartung eines Verlieses. Enthält auf der Rückseite eine handgezeichnete Karte.;exquisiter Seidenhandschuh;Kleinschwert W6 Schaden;Gläserne, geformte Platten (-W8 Schaden, Stufe 1);Suppenkelle W2 Schaden;Patchwork-Rüstung aus gesammelten Schilden (-W2 Schaden, Stufe 0);Gummientchen;Hermetischer Schritt ;Qillnach;Arrogant;Deine Nägel sind rissig und schwarz, vielleicht fallen sie bald ab.;Für dich ist alles eine Verschwörung.;Verbrennen oder verbrannt werden ist dein akzeptiertes Schicksal.
Truhe auf Rädern – 15 Gegenstände;zufällige heilige Schriftrolle;Ein Aufziehspielzeug eines Axtmörders. Macht ein leichtes surrendes und klirrendes Geräusch, wenn die Axt schwingt.;getrocknetes Fledermausfleisch;Säbel W6 Schaden;Gummianzug (-W2 Schaden, Stufe 1);Sehr schweres Buch W4 Schaden;Leuchtender Stoffoverall, zieht Angriffe an (+W1 Schaden, Stufe -1);Hackblock;Hunger des Leeren;Gotven;Abrasiv;Juckende Muttermale bedecken deinen Körper.;Du wechselst deine Kleidung nur, wenn sie abgenutzt ist.;Dein Fleisch heilt doppelt so schnell, aber das deiner Gefährten doppelt so langsam.
Kleiner Wagen – 20 Gegenstände;zufällige unreine Schriftrolle;Ein Bowling-Pin mit einem sehr deutlichen Blutfleck darauf.;Nasenring aus Kupfer;Zweiklingenschwert W10 Schaden;Hai-Anzug (-W4 Schaden, Stufe 1);Lebende Gans W2 Schaden;Mit Stroh ausgepolsterte Gardinen-Robe (-W1 Schaden, Stufe 0);Harken;Kelch der Umkehr;Risten;Manierlos;Ein kurzes Bein, ersetzt durch einen Holzpflock.;Du kannst nicht einschlafen ohne eine Gute-Nacht-Geschichte, die du noch nie gehört hast.;"Du siehst einen vieläugigen ""Schutzengel""."
Sänfte (ohne Träger) – 20 Gegenstände;zufällige unreine Schriftrolle;Ein Buch mit schmutzigen Kerkerwitzen.;zwei Augen in einem Gefäß;Claymore W10 Schaden;Kupferschuppen-Rüstung (-W4 Schaden, Stufe 1);Kerzenständer W4 Schaden;Gefrorener Schlammbrustpanzer (schmilzt schnell) (-W0 Schaden, Stufe 0);Irgendetwas;Kette der Reue;Graft;Selbstsicher;Ein dürres Gestell und ein gekrümmter Hals.;Du hast furchtbare Angst vor der Dunkelheit.;Eine Grabjagd ging schief. Du siehst überall zornige Geister, sogar im Schlaf.
Schubkarre – 12 Gegenstände;zufällige unreine Schriftrolle;Ein dicker Ball aus Teer. Klebrig und breiig.;{W6} Würfel (Knochen);Bastardschwert W8 Schaden;Lackierte Platten aus Stahl (-W6 Schaden, Stufe 1);Harke W4 Schaden;Rüstung aus Dutzenden Löffeln und Gabeln (+W1 Schaden, Stufe -1);Jazz-Hände;Knochenbrecher;Svind;Fanatisch;Zitternde Gliedmaßen, die nicht stillhalten wollen.;Das Geräusch anderer Leute beim Kauen ist eine Qual für dich. Du isst allein.;Aufgespießt von einer verfluchten Klinge. Du versteckst die immer stärker werdenden, sickerenden, beißenden Auswirkungen.
Großer Wagen – 40 Gegenstände;Meherere flache Steine. Sehr, sehr uninteressant.;Ein Eimer mit Farbe, die unmöglich schwarz sein kann.;{W4} riesige Reißzähne;Sense W8 Schaden;Lebendiger Anzug aus zähem Fleisch (-W8 Schaden, Stufe 1);Bettstatt-Bein W4 Schaden;Goldene Zeremonienrüstung aus dünnem Blech (-W1 Schaden, Stufe 0);Kackwurst;Letztes Sakrament;Grin;Heuchlerisch;Langes Haar, vom Blut verfilzt.;Du drückst gerne die Pickel anderer Leute aus. Und davon gibt es viele.;Wacht eines Tages in einer Graven-Tosk-Grube auf. Neue Knochen wachsen in dir, ein zweites Skelett.
Esel – 15 Gegenstände;Ein einzelner Handschuh;Ein enthaupteter Kopf mit blutroten Blumen, die im Schädel wachsen.;Latrinen-Eimer;Spatha W8 Schaden;Mit Flaschendeckel vernietete Lederbekleidung (-W4 Schaden, Stufe 1);Kleines Kind W2 Schaden;;Klopf Klopf;Licht des Verblassenden;Theras;Exzentrisch;Eine fehlende Nase, eine große Narbe.;Du kannst Heuchler nicht ausstehen, und du findest sie überall.;Du bist kurz im Endlosen Meer ertrunken. Du erbrichst jeden Morgen fauliges Salzwasser.
Maultier – 20 Gegenstände;Leeres Tintenfass;Ein frischer, kalter Krug Bier. Verdächtig...;zerbrochene Harfe;Katana W8 Schaden;Mit Siegel geschmückte Lederriemen. (-W2 Schaden, Stufe 1);Sack voller Mäuse W2 Schaden;;Lächeln;Nabelschnur der Nacht;Grittr;Morbide;Keine Zähne, oder zumindest keine eigenen.;Du ziehst es vor, auf allen Vieren zu laufen. ;Du bist zu unnatürlich lebhaft. Du wirst von Rittern der Blutgräfin verfolgt.
Pferd mit Satteltaschen – 25 Gegenstände;Kaputte Sonnenuhr;Ein Glasauge. Der Besitzer will es wahrscheinlich zurückhaben.;gehörnter Helm;Schmetterlingsschwerter 2W6 Schaden;Mit Stacheln bedeckte Rüstung aus gebläutem Stahl (-W8 Schaden, Stufe 1);Weinschlauch W2 Schaden;;Laufen;Öffnung nach Unten;Therg;Einseitig;Schwimmhäute an Händen und Füßen.;Wenn dich jemand einen Feigling nennt, bist du zwanghaft verpflichtet, ihm das Gegenteil zu beweisen.;Du bist ein niederer Adliger mit einer schlecht konstruierten Tarnidentität, der oft von Räubern verfolgt wird.
Sehr überzeugter Träger (Fremder, unfreiwillig) – 30 Gegenstände;Hälfte eines Kamms;Ein gläserner Schädel, in dem ein leuchtender Fisch herumschwimmt.;mit Scheiße beschmutzte Schöpfkelle;Sichel W8 Schaden;Mit Strass besetzte, bestickte Cabaret-Kleidung (-W2 Schaden, Stufe 1);Riesiger Rettich W2 Schaden;;Machen;Pesthauch des Alten;Haerü;Rätselhaft;Verkrustete Augenhöhlen, rot befleckt.;Du trinkst gerne aus Schuhen. Wegen des Geschmacks.;Du bist ein Spion für König Fathmu XI. Scheitern bedeutet Verrat bedeutet Tod.
nichts;Drei identische Knöpfe;Ein grob behauener Eisenkelch mit einem eingemeißelten Koboldgesicht.;trauriges Huhn in einem Käfig;Dreihänder W20 Schaden;Nietenbesetztes Lederwams (-W2 Schaden, Stufe 1);Käfig mit wütender Katze W4 Schaden;;Magierfuß;Roskoes verzehrender Glanz ;Torvul;Zögernd;Zentimeterlange Nägel, ungeschnitten und ungereinigt.;Schnäppchenjäger. Ein Geschäft abzuschließen ist wichtiger als ein Gewinn zu machen.;Du trägst einen unvollendeten Wandteppich des Einen Wahren Glaubens bei dir. Du arbeitest wie besessen daran.
nichts;Kleines Portrait einer unbekannten Person;Ein großes Glasgefäß mit Pflaumen-Apfelwein. Selbst gebraut und säuerlich.;Pfeil im Schild;Streitkolben W6 Schaden;Panzer aus Keramikscheiben, mit blauer dekorativer Verglasung (-W4 Schaden, Stufe 1);Spazierstock W2 Schaden;;Maus der Rache;Ruf der Maden;Hargha;Ängstlich vor Verpflichtungen;Stämmig und robust.;Du tust so, als könntest du lesen. Bisher hat es geklappt.;Du verschlingst Fingernägel. Alles andere schmeckt nach Asche, Fäulnis und Staub.
nichts;Kerze ohne Docht;Ein kleiner Haufen von Steinen. Klein und steinig.;eine Handvoll menschlicher Zähne;Morgenstern W8 Schaden;Perlenbesetzter Federumhang (-W2 Schaden, Stufe 1);Tamburin W2 Schaden;;Melodie;Ruf des Namenlosen;Törn;Aggressiv;Ein nekrotisches Loch im Bein, das im Wind pfeift. ;Du weichst nie vor einem Kampf zurück. Ist das eine Frage der Ehre oder der Torheit?;Eine Urne, die an deinen Rucksack geschnallt ist. Wenn es still ist, klappert etwas darin.
nichts;Leere Flasche mit Korken;Ein kleiner schwarzer Stein, der vollkommen rund ist. Wenn ein lautes Geräusch zu nahe am Stein gemacht wird, explodiert er.;kürzlich geschärfte Sense (W8);Hellebarde W8 Schaden;Riesige Insekten-Chitin-Platten (-W8 Schaden, Stufe 1);Unsichtbare Waffe W2 Schaden;;Mischen;Sanfter Abgang;Harmug;Kurzsichtig;Ein Spinnenbiss hat dein Gesicht zu einem geschwollenen Chaos gemacht.;Mehr als alles andere willst du berühmt werden. Du hast Angst, vergessen zu werden.;Du siehst Visionen von jemandes Zukunft, wenn du sein Haar isst. Du bist völlig kahl.
nichts;Notizbuch, alle Seiten leer;Ein Leichenwurm, der mit jedem Gehirn, das er frisst, schlauer wird.;leere Parfümflasche;Glefe W8 Schaden;Römische Legionärs Rüstung (-W6 Schaden, Stufe 1);;;Nähte reparieren;Schleier des Vergessens;Urm;Stur;Eine Seite deines Gesichts ist stark verbrannt.;Du bastelst kleine Andenken und Erinnerungsstücke aus Dingen, die du findest. Andere nennen sie Schrott, aber für dich sind sie Schätze.;Sie verabscheuen den grauen Himmel. Du kannst nicht schlafen, ohne ein Loch zu graben und dich zu bedecken.
nichts;Notizbuch, alle Seiten vollgeschrieben aber unleserlich;Ein magischer Wassersack. Das Wasser geht nie aus, aber das Leder ist sehr brüchig.;einige Schlüssel ohne Schloss;Kriegssichel W8 Schaden;Rostiges Kettengeflecht (-W4 Schaden, Stufe 1);;;Nicht tun;Schleim des Vergessens;Jotna;Schelmisch;Adern, die sich wölben und pulsieren, als wäre dein Blut Haferschleim.;Du kannst dir keinen Namen merken, wenn es um dein Leben geht. Du kannst dir aber gut Gesichter merken.;Du bist von einem Geist besessen, der von den Schimmernden Feldern plappert. Begehrt von den Basilisken.
;Tote Topfpflanze;Ein Nachttopf. Er ist voll. Da könnte ein Schatz drin sein.;Lederweste mit Nieten;Quarterstaff W6 Schaden;Rüstung aus gewachstem Leinen (-W2 Schaden, Stufe 1);;;Nudeln;Schrei des Hohlen;Urvarg;Grimmig;Eine beeindruckende Menge an Haaren.;Du bist gezwungen, Dinge sauber zu lecken.;Du bist verflucht, dich in Statuen zu verlieben, egal wie grotesk oder seltsam sie sind.
;Spiegel, der nur die linke Hälfte zeigt;Ein reflektierender silberner Schädel. Groß genug, um ihn über dem eigenen Kopf zu tragen.;Geldbeutel mit {W10} Silber;Kriegsdengel W6 Schaden;Rüstung aus Muscheln von Seeungeheuern (-W6 Schaden, Stufe 1);;;Nuscheln;Schwarzes Pathos;Karg;Rituell;Schorfige Hautschuppen, die überall verteilt werden.;Du gähnst ständig.;Du bist davon überzeugt, dass du hörst, wie jemand aus dem Jenseits in abscheulichen Sprüchen zu ihnen spricht.
;Schachfigur (Bauer);Ein schöner Weidenkorb voller menschlicher Herzen.;abgenutzter Gürtel;Kriegsscythe W10 Schaden;Rüstung mit großen gravierten Metallplättchen (-W6 Schaden, Stufe 1);;;Ohrwurm;Schweigen der Wunden;Vagal;Brutal;Ständig tropfende Nase. ;Du schnarchst wie ein träumender Troll. Andere müssen ihre Zähigkeit testen, um zu schlafen.;Du trägst eine sich straffende Krone aus steinernen Dornen. Jeden Tag besteht eine 5 %ige Chance, dass sie so fest wird, dass sie den Schädel zerbricht.
;Löffel, sehr verbogen;Ein schreiendes Horn. Schrei in die eine Seite und dein Schrei kommt auf der anderen heraus.;Sack mit toten Ratten;Wurfmesser W4 Schaden;Samt-Brigandine (-W6 Schaden, Stufe 1);;;Platzen;Segen des Blinden;Karva;Unberechenbar;Fehlender Bauchnabel.;Du isst nur Dinge mit Namen.;Du wirst von einem grün gefärbten Stern über dir am Himmel verfolgt. Jede Nacht wird er größer.
;Ei, ungeklärt ob frisch;Ein sehr effektiver Satz Ohrenschützer. Hält das Geschrei in Schach.;vergoldeter Schädel im Wert von {W20+10} Silber;Wurfaxt W6 Schaden;Samurai-Stil Rüstung (-W6 Schaden, Stufe 1);;;Respekt;Segen des Knochens;Vatan;Naiv;Knollige Wucherung am Hals. Sie bewegt sich, wenn niemand sie ansieht.;Du stiehlst zwanghaft von denen, die weniger haben. Du fürchtest dich vor denen, die mehr haben. ;Du hast eine Reihe von Morden in Galgenbeck begangen, gerechtfertigt oder nicht. Du vergräbst ein Messer in jeder Abenddämmerung.
;Stein mit aufgemaltem Gesicht;Ein seltsamer schwarzer Todespilz, der auf einem Knochen wächst. Wenn er gegessen wird, kann er entweder den Tod oder hilfreiche Visionen verursachen.;Stiefel (passt nicht);Blasrohr W2 Schaden;Schnüre aus geflochtenen Fasern (-W2 Schaden, Stufe 1);;;Rotgut;Siegel der Schwelle;Katla;Vorurteilsbehaftet;Spröde und rissige Lippen.;Du hast das Bedürfnis, auf alle Fehler hinzuweisen, die andere machen. Bis ins Detail.;Dich verzehrt der Hass auf das Feuer. Du trägst drei Wasserhäute. Du weinst beim Anblick von Flammen.
;Gefalteter Brief, bereits geöffnet, auf Fremder Sprache;Ein seltsames Stück Kreide. Wenn du etwas zeichnest, wird es real. Es bleibt sehr wenig übrig.;{W10} Pfeile;Schleuder W4 Schaden;Schuppenpanzer aus Knochen (-W4 Schaden, Stufe 1);;;Ruderboot-Cop;Stimme des Abgrunds;Von;Vulgär;Schmerzhafter Durchschnittsmensch.;Du hast schreckliche Angst vor dem Alleinsein.;Du hörst seltsame und schöne Musik aus Gruben. Du bist gezwungen zu folgen.
;Kleines Schloss ohne Schlüssel;Ein Skelettschlüssel. Hergestellt aus echten Skeletten.;Buch: Die Nachtkönigin;Oberschenkelknochen eines Riesen W8 Schaden;Schwarz gestrichene, kugelsichere Garnisonsrüstung (-W6 Schaden, Stufe 1);;;Scham;Stimme des Verurteilten;Keftar;Schlampig;Gesicht bedeckt mit Eiterbeulen.;Du vertraust nie Dingen mit vier Beinen.;Als du einen schrecklichen Geist gesehen hast, wurden alle deine Haare weiß.
;Schlüssel ohne Schloss;Ein Spielzeugfisch, der einem echten Fisch sehr ähnlich sieht.;ausgestopfte Elster;Angebundener Ziegelstein W4 Schaden;Schwere Schuppenrüstung (-W6 Schaden, Stufe 1);;;Scheinbarer Stuhl;Tierische Sprache ;Vrakh;Impulsiv;Kleinwüchsig.;Du bist davon überzeugt, dass du ein talentierter Sänger bist. Das ist aber nicht der Fall.;Als Kind hast du einen seltsamen Pilz gegessen, der auf einem anderen Pilz wuchs. Du warst nie wieder derselbe.
;Getrocknete Blume, sehr zerbrechlich;Ein Stock mit einem starken Magneten am Ende.;Schlachtermesser (W4);Rostiger Ankerhaken W6 Schaden;SchwereWandteppich-Rüstung (-W4 Schaden, Stufe 1);;;Schlechter Ratschlag;Träne des Heiligen;Klort;Berechnend;Knochen, die bei jeder Bewegung knacken.;Du bist ein schlechter Gewinner und ein noch schlechterer Verlierer. Alles ist ein Wettbewerb.;Als Kind hast du Geister gesehen und mit ihnen gesprochen. Sie sprechen nicht mehr mit dir.
;Wachssiegel eines unbekannten Adligen;Ein Tausendfüßler mit einem lächelnden menschlichen Gesicht.;{W20} Silber;Kirchenglocke W10 Schaden;Seltsame Kraft projizierende goldene Kugeln (-W8 Schaden, Stufe 1);;;Schnupfen;Umarmung des Grabes;Vresi;Pedantisch;Größer als die meisten.;Du bist überzeugt, dass du nicht sterben kannst.;Als Kind wurdest du von Sklavenhändlern gefangen genommen und in den Kampfarenen großgezogen.
;Halbgegessener Keks, steinhart;Ein Teppich, der aus menschlichem Haar gestrickt ist.;Krug mit fermentiertem Fisch;Fleischerbeil W6 Schaden;Synthesehaut-Overall mit leuchtenden Intarsien (-W8 Schaden, Stufe 1);;;Schweigender Pilz;Unerfüllter Wunsch ;Kratar;Leichtgläubig;Gebrochene Nase, für immer krumm.;Du verschluckst zwanghaft Silbermünzen, um sie für das Leben nach dem Tod zu bewahren. Du schepperst, wenn du rennst.;Beim Fällen eines alten Baumes hast du die Leiche eines Zauberers gefunden.
;Leere Medizinflasche, riecht noch;Faden ohne Nadel;Mausefalle (1 Schaden);Schaufel W6 Schaden;Tosei-Gusoku emaillierte Eisenplatten-Rüstung (-W8 Schaden, Stufe 1);;;Sortieren;Verdopplung des Elends;Wemut;Anspruchsvoll;Der Bauch erzählt Geschichten von zu vielen Bieren.;Du kannst mit Pferden sprechen. Das glaubst du zumindest.;Deine Eltern haben dich Fünfzehn genannt. Sie haben sich nie die Mühe gemacht, dir einen richtigen Namen zu geben.
;Würfel dem eine Seite fehlt;Nadel ohne Faden;schwarze und weiße Gesichtsfarbe;Eisenstange W4 Schaden;Uralte Endura-Glassplitter-Schuppen (-W6 Schaden, Stufe 1);;;Spritzen;Wacht des Toten;Aelthar;Weinerlich;Völlig und vollkommen haarlos.;Du bist ein Philosoph. Aber bist du wirklich ein Philosoph?;Du lebst von einem Goldvorrat, den du gefunden hast. Jemand wird bestimmt danach suchen.
;Zertifikat für etwas Nicht-Existentes;Sehr flacher Stein, schön zum Drüberstreicheln;Leinensack mit Körperteilen;Kandare W4 Schaden;Vergoldete Turnierplatte (-W8 Schaden, Stufe 1);;;Steinschlag;Zunge des Wurms;Arvün;Undankbar;Gespaltene Zunge.;Je schrecklicher etwas ist, desto liebenswerter und harmloser erscheint es dir.;Du trägst das Zeichen von Goonfun, dem Retter.
;"Sehr kleines Buch, nur ein Wort darin: „Nein""";Kleines Glas mit einem einzigen eingelegten Gurkenrest;zerbrochener Spiegel;Abgebrochener Kelch W4 Schaden;Zahlreiche Bandoliere, gefüllt mit Messinghülsen (-W4 Schaden, Stufe 1);;;Stuhl schwächen;;Brakt;Egozentrisch;Augenlider mit Kohle bemalt, immer.;Immer extrem entschuldigend gegenüber denen, die du getötet hast.;Du warst ein Handelsmatrose, bis du gefangen genommen und gezwungen wurdest, als Pirat zu arbeiten.
;Pfeife ohne Tabak;Namensschildchen einer anderen Person;lange Eisenkette;Büßergeisel 2W4 Schaden;Nasse Leinwand-Tunika (+W1 Schaden, Stufe -1);;;Taumeln;;Brumn;Oberflächlich;Hässliche Narbe, wo früher die Lunge war.;Lache unkontrolliert über alles Schreckliche.;Ein ausländischer Würdenträger wurde vergiftet. Du warst der Koch.
;Münze eines abgeschafften Königreichs;Hälfte einer Schere;"Buch: ""Zauberer-Kampf""";Lauch W2 Schaden;Rostige Kettenreste (-W1 Schaden, Stufe 0);;;Tenser's Gloating Disc;;Dagrul;Furchtlos;Geboren mit sechs Fingern an jeder Hand.;Nachdem du eine Kreatur getötet hast, rufst du immer denselben Spruch, so laut du kannst.;Ein großer Musiker hat einmal dein Dorf besucht und dir ein Lied beigebracht, das alle Zuhörer begeistert.
;Knäuel Wolle, verheddert;Rollbandmaß, nur 4cm lang;gebogenes Ritualmesser (W4);Toter Fisch W2 Schaden;Durchlöcherte Wachstuchjacke (-W1 Schaden, Stufe 0);;;Tinte;;Darvek;Intrigant;Kleine Augen, die jeden misstrauisch machen.;Du bist gezwungen, jedes Vorhaben anzukündigen, bevor du es tust.;Ein Straßenräuber hat dich gezwungen, eine Münze zu werfen, um dein Leben oder das deines Bruders zu gewinnen. Die Münze landete auf der Seite und verschonte euch beide.
;Zahn (nicht der eigene, zu groß);Fingerhut, viel zu groß;Kettenhemd, Torso noch darin;Käsereibe W2 Schaden;Verrußtes Festgewand aus dünner Seide (+W2 Schaden, Stufe -1);;;Tpyo;;Drösk;Nörgelnd;Haare grob wie Borsten.;Du hörst den Klang einer lauten Blaskapelle spielen. Immer.;Ein verrückter Angelunfall hat dich deine Hand gekostet. Aber dieser Haken funktioniert ziemlich gut.
;kleiner, aber bösartiger Hund ({W6+2} LP, Biss W4, gehorcht nur dir);Leere Vogelpfeife;Hundehalsband mit Kette;Suppenkelle W2 Schaden;Zerfetztes Banner als Umhang (-W0 Schaden, Stufe 0);;;Traurige Geige;;Dvorn;Schicksalsergeben;Schlechter Rücken und schlechte Körperhaltung.;Du singst alles, was du sagst.;Ein verrückter Kanuunfall hat dich dein Bein gekostet. Aber du hast dich an den Ruderstumpf gewöhnt.
;{W4+1} Affen, die dich ignorieren, aber lieben (4 LP, schlagen/beißen W4);Kartenspiel, drei Karten fehlen;Beutel mit Salz;Sehr schweres Buch W4 Schaden;Blecherne Topfdeckel-Brustplatte (-W1 Schaden, Stufe 0);;;Umrühren;;Elbrü;Sprunghaft;Du glaubst du entwickelst Kiemen und musst zu einem Wasserbewohner werden.;Du findest alles, was versucht, dich zu töten, unglaublich attraktiv.;Mit dem Blut deiner ersten Tötung noch an deinen Händen, wurde dir deine wahre Bestimmung klar.
;exquisites Parfüm im Wert von 25s;Karte eines Ortes der nicht existiert;rußiger Silberring;Lebende Gans W2 Schaden;Enger Wollpullover mit Metallknöpfen (-W1 Schaden, Stufe 0);;;Verdammter Fleck;;Fargha;Kalt;Deine linke und rechte Hand sind vertauscht.;Wenn du hinterhältig oder trügerisch bist, wirst du immer kicherig.;Nachdem du deinen Ehering wegen einer Spielschuld verloren hattest, hat dich die Liebe deines Lebens verlassen.
;Werkzeugkasten 10 Nägel, Zange, Hammer, kleine Säge und Bohrmaschine;Karte eines Ortes, völlig falsch gezeichnet;Wimpel von einem gesunkenen Schiff;Nasser Lappen W1 Schaden;Vollgestopfter Strohumhang (brennt gut) (+W2 Schaden, Stufe -1);;;Verschone die Lebenden;;Fetmal;Abergläubisch;Ein dunkler Nebel umgibt deinen Kopf.;Du glaubst, dass jede Leiche, die nicht verbrannt wird, zurückkommt, um wieder zu töten.;Vor langer Zeit hast du eine Rieseneule aus einer Schlingenfalle gerettet. Sie kommt immer noch gelegentlich zurück, um dir zu helfen.
;schwere Kette 5 Meter;Sehr langer Bindfaden, nutzlos verknüpft;gehäutete menschliche Haut;Kerzenständer W4 Schaden;Lederweste mit dekorativen, aber hohlen Nieten (-W1 Schaden, Stufe 0);;;Verunreinigen;;Florn;Schnippisch;Eine dicke, stinkende Flüssigkeit tritt aus deinem Mund aus, sobald du sprichst.;Du hast eine Abscheu vor Seifenblasen. Scheiß auf Seifenblasen.;Du kannst Lügen schmecken. Seit du das weißt, kannst du fast niemanden mehr ansehen.
;Enterhaken;Kleines Kissen, durchgeschwitzt;Decke (mit Flöhen);Harke W4 Schaden;Schuppen aus getrocknetem Brot (+W2 Schaden, Stufe -1);;;Zeitkontrolle;;Garvek;Öde;Dir wächst ein zusätzliches Bein.;Alles fühlt sich angenehmer an, wenn man es dem Zufall überlässt. Du triffst keine wichtigen Entscheidungen, ohne dafür eine Münze zu werfen.;Du hast einmal in einem Traum einen Ort gesehen, den es eigentlich nicht gibt. Seitdem versuchst du, ihn zu finden. Du bist dir nicht mehr sicher, ob das eine gute Idee ist.
;Schild (-1 LP Schaden oder den Schild brechen, um einen Angriff zu ignorieren);Huf eines unbekannten Tieres;verkohlte Metallhalskette;Gefrorener Schinken W6 Schaden;Dünne Glas-Überrobe mit Rissen (+W2 Schaden, Stufe -1);;;Ziegenkäse;;Glötna;Unruhig;Fünf Zoll lange Fingernägel. Sie wachsen einfach weiter.;Du besitzt ein Buch, das sich selbst neu schreibt. Jeden Morgen steht etwas anderes darin. Heute steht dein Name darin. Zweimal durchgestrichen.;"Du wurdest von einem blinden Orakel in Grift berührt. Es sagte: „Du wirst die letzte Person sein, die stirbt."" Seitdem bist du dir nicht sicher, ob das gut oder schrecklich ist."
;Brechstange (W4 Schaden);Parfümflakon, riecht nach nichts;zerbrochene Leder-Rüstung;Bettstatt-Bein W4 Schaden;Kettenhemd aus Draht und Büroklammern (-W1 Schaden, Stufe 0);;;Zupfen;;Gremul;Goldfieberisch;Schleimige Schuppen wachsen über deine Haut.;Irgendwann hast du aufgehört, Hunger zu spüren. Du weißt nicht mehr, wann du zuletzt gegessen hast. Du wirkst trotzdem gut genährt. Das beunruhigt alle.;Du kannst keine Musik mehr hören, ohne zu weinen. Du weißt nicht warum. Es passiert auch bei Vogelgesang. Und bei Windgeräuschen. Und beim Knarren von Holz.
;Schmalz (kann notfalls als 5 Mahlzeiten verwendet werden);Münze mit zwei identischen Seiten;{W4}x Goldzahn im Wert von je 10s;Kleines Kind W2 Schaden;Rüstung aus geschnürten Tierblasen (+W1 Schaden, Stufe -1);;;Zwicken;;Grutva;Ein Tyrann;;Du kannst keine Türen schließen. Nicht aus Vergesslichkeit – du bist physisch nicht in der Lage dazu. Die Hände zittern, sobald du es versuchst.;Du vertraust Tieren mehr als Menschen. Das hat bisher meistens gut funktioniert. Meistens.
;Zelt;Kleines Säckchen Sand;Schere (W4);Sack voller Mäuse W2 Schaden;Messingdraht-Korsett (-W1 Schaden, Stufe 0);;;;;Halvorn;Beleidigend;;Du nimmst wahr, dass alles, was zu dir gesagt wird, in einem sarkastischen Tonfall gesprochen wird.;Jeder, dem du sagst, dass du aus deiner Heimatstadt kommst, schaut dich seltsam an. Du hast inzwischen herausgefunden: Die Stadt existiert nicht mehr. Schon seit zwanzig Jahren nicht.
;{PRÄ+4}x Fackel;Kleines Säckchen noch feinerer Sand;Spitzhacke (W4);Weinschlauch W2 Schaden;Patchwork-Rüstung aus gesammelten Schilden (-W2 Schaden, Stufe 0);;;;;Hentrul;Barbarisch;;Trinken ist das einzige Mittel, um Ihre zerrissenen Nerven zu beruhigen. Du trinkst sehr viel.;Eine Inquisitorin der Basilisken hat dich dreimal verhört und dreimal freigelassen. Beim vierten Mal wird sie das nicht mehr tun.
;Laterne mit Öl für {PRÄ+6}h;Getrockneter Frosch, flach;Halsband mit Pentagramm-Amulett;Riesiger Rettich W2 Schaden;Leuchtender Stoffoverall, zieht Angriffe an (+W1 Schaden, Stufe -1);;;;;Hlort;Klagend;;Brutalität: Erschlagene Feinde müssen zerhackt werden.;Du schuldest der Einäugigen Diebesgildenchefin von Galgenbeck einen Gefallen. Sie hat noch nicht gesagt, welchen. Das ist das Schlimmste daran.
;Magnesiumband;Knopf mit eingesticktem beleidigenden Kommentar;blutiger Bohrer;Käfig mit wütender Katze W4 Schaden;Mit Stroh ausgepolsterte Gardinen-Robe (-W1 Schaden, Stufe 0);;;;;Hruveg;Kritisch;;Du verehrst das Erste, was du jeden Morgen siehst.;Die Ritter der Blutgräfin suchen dich – nicht wegen eines Verbrechens, sondern weil Anthelia träumt, dass du ihr etwas Wichtiges nehmen wirst.
;Feuerstahl und Zunder;Sehr detailliertes Bild eines Kohlkopfes;Buch der Psalmen;Spazierstock W2 Schaden;Gefrorener Schlammbrustpanzer (schmilzt schnell) (-W0 Schaden, Stufe 0);;;;;Jalvik;Zerstörerisch;;Je schrecklicher etwas ist, desto liebenswerter und harmloser erscheint es dir.;Ein Nekromant hat dich verflucht, stellvertretend für jemand anderen. Er hat die falsche Person erwischt. Er weiß es. Er sucht dich, um es zu korrigieren. Auf seine Art.
;Phosphorröhrchen (einmalig, sehr helles Licht für W4 Runden);Kleines Holzpferd, ein Bein fehlt;Maske mit Vogelschnabel;Frisch gebackenes Brot W1 Schaden;Rüstung aus Dutzenden Löffeln und Gabeln (+W1 Schaden, Stufe -1);;;;;Jertha;Oberflächlich;;Nachdem du eine Kreatur getötet hast, schreist du immer denselben Spruch so laut du kannst.;Du hast einen Brief abgefangen, der nie für dich bestimmt war. Der Absender weiß, dass du ihn hast. Der Empfänger auch.
;Metallfeile und Dietriche;Zahnbürste ohne Borsten;Holzkohlezeichnung eines Dämons;Tamburin W2 Schaden;Goldene Zeremonienrüstung aus dünnem Blech (-W1 Schaden, Stufe 0);;;;;Kalthu;Unreif;;Du entschuldigst dich immer extrem bei denen, die du getötet hast.;Eine Sekte glaubt, dass du ihre Prophezeite bist. Du bist es nicht. Das macht es nicht besser.
;Brechstange;Trichter ohne Öffnung am Ende;ein halber toter Hund;Unsichtbare Waffe W2 Schaden;;;;;;Kelbrün;Wankelmütig;;Wenn du hinterhältig oder trügerisch bist, musst du immer kichern.;Du sammelst Zähne. Du weißt nicht warum. Du hörst nicht auf.
;Hammer und {W6+4}x Eisennägel;Leere Tabakdose mit fremden Initialen;ziemlich ausgefallene Augenklappe;;;;;;;Klarveg;Zynisch;;Du bist gezwungen, jede Absicht anzukündigen, bevor du sie ausführst.;Ein kleines, schweigendes Kind folgt dir seit drei Wochen. Du kannst es nicht loswerden. Niemand sonst scheint es zu sehen.
;Enterhaken mit 10m Seil;Kerze, bereits heruntergebrannt und nie aufgehört;Hammer und ein paar Nägel;;;;;;;Knutha;Nachsichtig;;Du lachst unkontrolliert über alles Schreckliche.;Du hast einmal in Sarkash eine Frucht gegessen, die es nicht geben sollte. Seitdem können Tiere deine Stimmung riechen. Sie meiden dich bei schlechter Laune.
;Seil 10m;"Zettel: „Nicht vergessen"" – nichts weiter";Kugel und Kette (und ein Fuß);;;;;;;Kvelm;Opportunistisch;;Du sprichst andere nur noch mit „Pisser“ an.;Du hast einem sterbenden Wahrsager seine letzten Worte versprochen weiterzugeben. Du weißt nicht, an wen. Du weißt nicht, was sie bedeuten. Du kannst sie nicht vergessen.
;Schwere Kette 5m;Steinerner Würfel, alle Seiten zeigen eine 3;scharfes Feuereisen (W4+1);;;;;;;Largun;Schwerfällig;;Du glaubst plötzlich, dass du eine riesige rote Spinne bist.;"Ein Händler in Grift hat dir eine Kiste verkauft, ""für den richtigen Moment."" Sie ist verschlossen. Etwas darin atmet."
;Schaufel;Fingerring, zu groß für jeden menschlichen Finger;ein Paar warme Socken (durchnässt);;;;;;;Leskri;Spießig;;Du kannst niemanden ansprechen ohne vorher kurz zu husten;Du hast als Kind in Graven-Tosk gespielt und dabei aus Versehen ein Grab geöffnet. Etwas darin hat dein Gesicht gesehen. Es sucht dich.
;Zange;Ein Schädel mit einer frischen Rose darin. Die Rose welkt nie. Der Schädel riecht trotzdem.;Kiste mit schwarzen Federn;;;;;;;Lortva;Machthungrig;;"Du nennst jeden Ort dem du länger als 10 Minuten bist „Zuhause"" und wirst traurig beim Verlassen";Du hast in Galgenbeck eine Predigt gehalten, die alle Zuhörer zum Weinen brachte. Du weißt nicht mehr, was du gesagt hast. Alle, die es gehört haben, suchen dich.
;Kleiner Spiegel (um Ecken zu schauen);Ein Tagebuch ohne Einträge, aber jede Seite ist von Tränen gewellt.;beschädigtes Wolfsfell;;;;;;;Malturn;Übertrieben phantasievoll;;Du bestehst darauf, bei jeder Mahlzeit Tischmanieren einzuhalten, egal wo;Du warst Henker in Kergs, bis du begannst, die Hingerichteten im Traum zu sehen. Sie geben dir Ratschläge. Meistens schlechte.
;Kreide {W6+4}x (Markierungen, Zeichen);Ein kleines Wachsfigürchen, das dir sehr ähnlich sieht. Du hast es nie besessen.;verdorbenes Fleisch (2 Tage lang);;;;;;;Marveg;Scheinheilig;;Du hörst anderen nicht zu, nickst aber überzeugend;Du hast für König Fathmu XI. eine Karte zu einem verbotenen Ort gestohlen. Die Karte hat sich inzwischen selbst verändert. Sie zeigt jetzt deinen Standort.
;Kletterausrüstung (Haken, Riemen);"Ein Zahn in einem Medaillonanhänger. Auf der Innenseite steht: „Damit du mich nicht vergisst.""";kleines Kästchen mit einer weißen Murmel;;;;;;;Methrul;Angespannt;;Wenn zwei SC streiten, versuchst du immer zu vermitteln, verschlimmerst es aber regelmäßig;Du warst Mitglied einer Theatergruppe, bis alle anderen Mitglieder spurlos verschwanden. Die Kostüme blieben zurück. Sie bewegen sich nachts.
;Hausapotheke {PRÄ+4}x (stoppt Blutungen/Infektionen, heilt W6 LP);"Ein Buch über Giftpilze. Jemand hat die gefährlichsten mit „lecker"" kommentiert.";Krug mit einer Nadel darin;;;;;;;Mürga;Trendig;;Du lehnst es ab, durch Türen zu gehen die breiter als du bist – du fühlst dich dabei unwohl;Du hast einen Priester der Basilisken beim Stehlen erwischt. Er weiß, dass du weißt. Du weißt, dass er dich sucht.
;Verbandsmaterial {W4+2}x (stoppt Blutungen);"Ein eingemachtes Glas mit einem menschlichen Ohr. Frisch beschriftet: „Fundstück, Kergs.""";hölzernes Gebiss;;;;;;;Narvek;Eifrig;;Du weigerst dich, denselben Gegner zweimal zu treffen – das wäre unfair;Als Wachmann hast du aus Mitleid einen Gefangenen freigelassen. Der Gefangene hat dann etwas Schreckliches getan. Du wirst damit in Verbindung gebracht.
;Gegengift {W2}x (Zähigkeit Sg10 entfällt);Eine Kerze aus Menschenfett. Brennt sehr gleichmäßig. Riecht verdächtig heimelig.;Glücksbringer (na ja...);;;;;;;Nlthor;Zornig;;Immer wenn du eine Probe bestehst, schaust du demonstrativ die anderen an;Du hast für ein Jahr in den Minen unter Bergen Chrypt gearbeitet. Was du dort gesehen hast, darf niemand wissen. Du redest nicht darüber. Außer im Schlaf.
;Wasserschlauch für {PRÄ+4} Tage;Ein Würfelbecher aus einem ausgehöhlten Fingerknochen. Sehr ergonomisch.;W6 leere Schriftrollen;;;;;;;Nögrith;Ängstlich;;Du kämpfst grundsätzlich nur rückwärtsgehend wenn du unter 50% LP bist;Jedes Mal, wenn du lügst, wächst ein weiterer Finger an deiner linken Hand. Du trägst inzwischen einen sehr großen Handschuh.
;Getrocknete Rationen für {PRÄ+4} Tage;Ein Brief, adressiert an dich, datiert auf nächsten Monat. Der Inhalt ist eine Entschuldigung.;Laterne;;;;;;;Peltrum;Egoistisch;;Du zückst deine Waffe immer mit einer kleinen Verbeugung;Du hast das Fleisch eines Zauberers gegessen, um zu überleben. Seitdem sprechen seine Gedanken in dir. Sie sind nicht freundlich.
;Salz (konserviert, desinfiziert, hält manche Dinge fern);Ein Tintenfass, das sich selbst nachfüllt. Die Tinte ist immer etwas zu warm.;ein Paar hölzerne Handschellen;;;;;;;Quarva;Steif;;Du verlässt einen Kampf kurz um zu erbrechen sobald Blut fließt – dann kommst du zurück;Deine Schatten bewegt sich nicht mehr synchron zu dir. Manchmal macht sie Dinge, die du gar nicht tust.
;Bärenfalle (Präsenz Sg14 zum Entdecken, W8 Schaden);Ein aufgezogenes Spielzeugherz. Tickt. Hört auf, wenn jemand in der Nähe stirbt.;Gefäß mit 3 abgetrennten Daumen;;;;;;;Raktul;Rückgratlos;;Wenn du lügst, riecht es kurz nach verbranntem Haar;Ein Chirurg in Schleswig hat versehentlich eine zweite Zunge in deinem Hals zurückgelassen. Sie spricht manchmal im Schlaf. In einer Sprache, die du nicht kennst.
;Bombe (versiegelte Flasche, W10 Schaden);Ein Spiegel, der nur lächelt, egal was du machst.;Verknotetes Knäuel aus Menschenhaar;;;;;;;Relvek;Zänkisch;;Du kannst nicht pfeifen – aber du versuchst es ständig;Du stirbst jede Nacht kurz. Du wachst jeden Morgen auf. Seit einem Jahr fragst du dich, wann es aufhört.
;{W4}x rotes Gift (Zähigkeit Sg12 oder W10 Schaden);Ein Buch mit leeren Seiten außer der letzten: eine detaillierte Beschreibung deines Todes.;Daumenschraube;;;;;;;Rötma;Leichtgläubig;;Regen weicht dir aus – du wirst nie nass, weißt aber nicht warum;Dein linkes Auge sieht die Welt, wie sie in zehn Jahren aussehen wird. Das rechte sieht sie jetzt. Die Diskrepanz macht dich krank.
;{W4}x schwarzes Gift (Zähigkeit Sg14 oder W6 Schaden + Blindheit 1h);Eine Sanduhr, die nach oben läuft.;sehr kleines Hufeisen;;;;;;;Salbrun;Streitsüchtig;;Tote Tiere stehen kurz auf wenn du an ihnen vorbeigehst – nur für einen Moment, dann fallen sie wieder um;Du hast eine Wette mit einem Dämon verloren. Er hat dein Spiegelbild behalten. Du hast keines mehr.
;{W3}x Rauchbombe (Sichtweite 0 für W4 Runden);Ein kleines Glasfläschchen mit einem Seufzer darin. Wenn geöffnet: traurig, aber erleichtert.;Schaufel (W4);;;;;;;Skortva;Offensichtlich;;Du wirst grundsätzlich nicht seekrank, aber dafür bei jeder Treppe kurz schwindelig;Eine Hexe hat dir dein Gewicht gestohlen. Du wiegst nichts. Starker Wind ist eine ernste Gefahr.
;Blasrohr mit {W6+4}x Giftpfeilen (Zähigkeit Sg10 oder W4 Schaden);Eine Münze, die immer auf die gleiche Seite fällt, egal wie oft man wirft.;Halskette aus Rattenzähnen;;;;;;;Skülm;;;Du glaubst Fallen funktionieren nicht wenn man sie ignoriert;Du erbrichst jeden Vollmond kleine schwarze Steine. Sie sind warm. Sie hören auf zu zittern, wenn du sie weglässt.
;Streumetall (auf Boden: Geschick Sg12 oder W4 Schaden, verlangsamt);Ein Knäuel schwarzer Wolle. Das Ende ist nirgends zu finden. Es wird nicht weniger.;eine halbe Schatzkarte;;;;;;;Slarvek;;;Du bist überzeugt dass Schreien im Kampf den Schaden erhöht – und brüllst entsprechend;Deine Tränen sind Tinte. Du hast gelernt, damit zu schreiben. Die Texte sagen manchmal Dinge voraus.
;Silbernes Kruzifix;Ein Notizbuch voller Zeichnungen von Türen. Keine davon existiert.;Flasche mit rotem Gift;;;;;;;Snötha;;;Du hältst Schweigen für unhöflich und füllst jede Pause sofort;
;Hölzernes Kruzifix;"Eine Haarsträhne in einem versiegelten Umschlag, beschriftet: „Nicht verbrennen.""";kleines Holzpferd;;;;;;;Talgrum;;;Du glaubst Magie funktioniert besser wenn man dabei sitzt;
;Schutzsymbol gegen Untote (einmalig verwendbar);Ein kleiner Holzkasten mit einem zufriedenen Summen darin. Geht nicht auf.;schwere Eisenzange;;;;;;;Tarkvül;;;Immer wenn du eine Tür öffnest, klopfst du vorher – auch bei Felswänden und Truhen;
;Weihwasser {W2}x (W6 Schaden gegen Untote);Eine Puppe ohne Gesicht. Jeden Morgen sitzt sie anders.;schwarzer Sack mit einem Katzenherz;;;;;;;Telthar;;;Du flüsterst Zahlen wenn du Treppen steigst. Immer. Auch wenn die Treppe nur zwei Stufen hat;
;spitze Nadel;Ein Buch mit Rezepten für Speisen, die alle mindestens einen menschlichen Zahn als Zutat erfordern.;großer Klumpen Kohle;;;;;;;Trevga;;;Du hast eine sehr feste Meinung darüber wie Knochen gestapelt werden sollten und korrigierst das wo immer du es siehst;
;Schreibzeug (Tinte, Feder, Pergament);Ein Schlüsselbund mit 40 Schlüsseln. Einer davon öffnet etwas. Unbekannt was.;zwei abgetrennte Hände;;;;;;;Ulvarg;;;"Immer wenn jemand „danke"" sagt, antwortest du mit „Das werden wir sehen""";
;Fernrohr (einfach, scratchy);Ein sehr kleines Aquarium. Das Wasser ist schwarz. Es bewegt sich trotzdem etwas darin.;kindergroße eiserne Jungfrau;;;;;;;Ürtmal;;;Du trägst einen kleinen Stein den du für einen Freund hältst. Er hat einen Namen. Du konsultierst ihn bei wichtigen Entscheidungen;
;Kleiner Wetzstein;Eine Schachtel voller Zähne, säuberlich nach Größe sortiert. Sehr ordentlich geführt.;;;;;;;;Velnug;;;Du kannst Richtungen nur in Bezug auf den nächsten Friedhof beschreiben;
;Flickzeug für Rüstung (1x Rüstung um 1 Stufe reparieren);Ein Kompass, der immer auf eine bestimmte Person in der Gruppe zeigt.;;;;;;;;Vörthan;;;Du beißt zur Begrüßung in Gegenstände um ihre Qualität zu prüfen – auch Türen, Waffen, Personen;
;Verschlossenes Tagebuch (leer, aber gut gebunden);Ein Kinderschuh. Nur einer. Innen steht ein Name, den du nicht aussprechen kannst.;;;;;;;;Walgru;;;Wenn du stirbst, hinterlässt du eine sehr detaillierte, sehr kurze Kritik der Todesumstände;
;;"Eine Flasche Wein, speziell abgefüllt für „den letzten Abend.""";;;;;;;;Zaltrum;;;Immer wenn jemand hustet schneidest du sofort eine Scheibe von deinem eigenen Brot ab und reichst sie rüber;
;;Ein Notizbuch ausschließlich mit Strichlisten. In die Millionen gehend.;;;;;;;;Gkrtvs;;;Du hast eine ausgeprägte Meinung zu jedem Hut den du siehst und teilst sie ungefragt mit;
;;Ein kleiner Käfig mit einer Feder darin. Die Feder bewegt sich, als wäre noch etwas da.;;;;;;;;Blrntch;;;Du nennst alle Monster beim falschen Namen und lässt dich auch nach Korrekturen nicht umstimmen;
;;Ein Tontopf. Darin befindet sich ein großer roter Rubin aus Glas.;;;;;;;;Vzkhrl;;;Du verlässt dich bei allen Entscheidungen auf den Geruch des Windes – auch wenn es keinen Wind gibt;
;;Ein toter Vogel an einer Schnur, die an das Ende eines Stocks gebunden ist. Sehr ablenkend.;;;;;;;;Ksthvr;;;"Jedes Mal wenn du einen Raum betrittst rufst du laut „Ich bin es!"" – für den Fall dass jemand wartet";
;;Ein totes Kaninchen mit einer Glückskaninchenpfote um den Hals.;;;;;;;;Drfntg;;;;
;;Ein totes, verwildertes Frettchen mit vier gebrochenen Füßen.;;;;;;;;Wstrpkl;;;;
;;Ein verfluchter Rubin. Jeder, der ihn besitzt, ist mörderisch besessen von ihm.;;;;;;;;Chtlvgr;;;;
;;Ein verrotteter Kuchen mit einer Metallklinge in der Mitte.;;;;;;;;Hkrvntz;;;;
;;Ein warmer Metallstab. Seltsamerweise bleibt er warm. Außerdem wird einem heftig übel, wenn man ihn zu lange festhält.;;;;;;;;Pzktrml;;;;
;;Ein wirklich schöner Türstopper. Das Ding sieht aus, als könnte es eine Tür ziemlich gut offen halten.;;;;;;;;Nskrvth;;;;
;;Ein Wurf verwilderter Kätzchen, die in der Brusthöhle eines ausgetrockneten Leichnams leben. Eines bösartiger als das andere.;;;;;;;;Grktfnl;;;;
;;Eine alte, vertrocknete Leiche, die mit Bolzen und Pfeilen übersät ist. Sieht aus, als sei sie für Schießübungen benutzt worden.;;;;;;;;Vsknrpl;;;;
;;Eine eiserne Maske mit einem grimmigen Totenkopfgesicht. Wenn sie getragen wird, kann sie nicht durch nichtmagische Mittel entfernt werden.;;;;;;;;Brhntsk;;;;
;;Eine Flasche mit sehr starkem Leim, hergestellt aus Pech und menschlichem Knochenstaub.;;;;;;;;Ztlvfgr;;;;
;;Eine Glasharmonika, die mit einer zuckerhaltigen dunklen Flüssigkeit gefüllt ist.;;;;;;;;Mkrthnsk;;;;
;;Eine Henkersuniform mit einer furchterregenden Kapuze.;;;;;;;;Xvrkbltz;;;;
;;Eine hölzerne Puzzleschachtel. Wenn das Rätsel gelöst ist, gleitet ein schwarzer Finger heraus. Auf wen er zeigt, der beginnt zu ersticken.;;;;;;;;Dtshkrvn;;;;
;;Eine Keramikpuppe, die mit extrem brennbarem Öl gefüllt ist.;;;;;;;;Glpftchr;;;;
;;Eine kleine Kiste mit wichtigen medizinischen Hilfsmitteln. Starke Schienen, Verbände und Alkohol.;;;;;;;;Nzkvrtsch;;;;
;;Eine kleine Topfpflanze. Vielleicht fleischfressend? Sie versucht, an deinen Fingern zu knabbern.;;;;;;;;Rhlkvntm;;;;
;;Eine künstliche Nase. Quietscht, wenn man sie zusammendrückt.;;;;;;;;Arveluthandroskva;;;;
;;Eine Laterne mit fleischfarbenen Schirmen. Wirft ein unheimliches rotes Licht.;;;;;;;;Belkormundraveth;;;;
;;Eine magische, selbstspielende Geige. Du hast schon bessere gehört.;;;;;;;;Grittnalverhuskodan;;;;
;;Eine riesige, alte, verrostete Axt, in deren Stiel ein Name eingeritzt ist: „Thorn“.;;;;;;;;Tharuveldmostikan;;;;
;;Eine rosa Flasche in Form einer Wolke. Der Schleim darin macht das Wasser sehr sprudelnd.;;;;;;;;Kvelanthorbarusch;;;;
;;Eine Schachtel mit Ohrringen. Den Ohrringen nach zu urteilen, wurden sie wahrscheinlich abgerissen.;;;;;;;;Ulfvarendragathmul;;;;
;;Eine schöne Kieferholzkiste mit nagelneuen Fackeln.;;;;;;;;Skelmorvathandriel;;;;
;;Eine schwere schwarze Lederschürze. Verschiedene nützliche Werkzeuge in den Taschen.;;;;;;;;Darvunkelthosgrima;;;;
;;Eine sehr scharfe und robuste Säge.;;;;;;;;Vethkulandaromskel;;;;
;;Eine winzige Pfeife mit hohem Ton. Lenkt Hunde ab, aber Menschen können sie nicht hören.;;;;;;;;Nortgavelthimbruvask;;;;
;;Fünfzig Fuß aufgerolltes, stahlverstärktes Seil. Viel schwerer und viel stärker als ein normales Seil.;;;;;;;;Hargulvendrathoskim;;;;
;;;;;;;;;;Albrimthorveldkanus;;;;
;;;;;;;;;;Quelvanthorskimdara;;;;
;;;;;;;;;;Jotnarvelgundramoth;;;;
;;;;;;;;;;Mürkelvandrathoskum;;;;
;;;;;;;;;;Falthundraveskimonar;;;;
;;;;;;;;;;Bröntharvelguskidam;;;;
;;;;;;;;;;Walgrimthovundreskal;;;;
;;;;;;;;;;Snörvandelthorbuskim;;;;
;;;;;;;;;;Prügelvandrathoskimun;;;;
;;;;;;;;;;Vael’drun’thask;;;;
;;;;;;;;;;Krul’veth’arn;;;;
;;;;;;;;;;Jor’khal’trüm;;;;
;;;;;;;;;;Brag’noth’vel;;;;
;;;;;;;;;;Thar’gul’venn;;;;
;;;;;;;;;;Skel’var’thun;;;;
;;;;;;;;;;Mur’dak’hel;;;;
;;;;;;;;;;Vrol’thag’rim;;;;
;;;;;;;;;;Kel’dras’vorn;;;;
;;;;;;;;;;Hruk’vel’dar;;;;
;;;;;;;;;;Zorn’gul’thesk;;;;
;;;;;;;;;;Narg’thrul’vask;;;;
;;;;;;;;;;Vel’drim’kor;;;;
;;;;;;;;;;Ulv’nash’gra;;;;
;;;;;;;;;;Krel’voth’nar;;;;
;;;;;;;;;;Drak’mur’thal;;;;
;;;;;;;;;;Gor’vel’kurn;;;;
;;;;;;;;;;Tal’grun’veth;;;;
;;;;;;;;;;Jar’thul’mek;;;;
;;;;;;;;;;Snar’vok’tren;;;;
;;;;;;;;;;Brün’thag’vul;;;;
;;;;;;;;;;Var’kesh’drun;;;;
;;;;;;;;;;Mör’vak’thul;;;;
;;;;;;;;;;Kran’der’vask;;;;
;;;;;;;;;;Thrul’gorn’esh;;;;
;;;;;;;;;;Hesk’var’ton;;;;
;;;;;;;;;;Yl’grath’ven;;;;
;;;;;;;;;;Quor’vak’til;;;;
;;;;;;;;;;Zhar’mlok’ven;;;;
;;;;;;;;;;Brel’thun’gar;;;;
;;;;;;;;;;Brüünthel;;;;
;;;;;;;;;;Gröömskäl;;;;
;;;;;;;;;;Hüürgvlön;;;;
;;;;;;;;;;Vöörthüm;;;;
;;;;;;;;;;Näälgrüb;;;;
;;;;;;;;;;Krööntvääl;;;;
;;;;;;;;;;Flüüghnör;;;;
;;;;;;;;;;Skäärvülm;;;;
;;;;;;;;;;Prööglün;;;;
;;;;;;;;;;Träävsköll;;;;
;;;;;;;;;;Grümthäl;;;;
;;;;;;;;;;Blöödnür;;;;
;;;;;;;;;;Määrghül;;;;
;;;;;;;;;;Kläörvünn;;;;
;;;;;;;;;;Drüüsnäk;;;;
;;;;;;;;;;Vlööthrän;;;;
;;;;;;;;;;Snäävrökk;;;;
;;;;;;;;;;Bräähntvür;;;;
;;;;;;;;;;Krüülthön;;;;
;;;;;;;;;;Würmträäl;;;;
;;;;;;;;;;Näögdrüü;;;;
;;;;;;;;;;Plöötschkää;;;;
;;;;;;;;;;Häärrgvöl;;;;
;;;;;;;;;;Strüübnäth;;;;
;;;;;;;;;;Klööfdrämm;;;;
;;;;;;;;;;Gräävkrüll;;;;
;;;;;;;;;;Vüülnörg;;;;
;;;;;;;;;;Zöölthrään;;;;
;;;;;;;;;;Brüüsglön;;;;
;;;;;;;;;;Dräämflökk;;;;
